Model,Accuracy,Log Loss
Logistic Regression,0.5846729795199296,0.9090950304443788
Random Forest,0.5494384496806871,0.9397863362442932
XGBoost,0.5840123320854438,0.9092691540718079
